Company,Revenue Growth (%),Net Income Growth (%),Asset Growth (%),Liabilities Growth (%),Cash Flow Growth (%)
Apple,8.344804529660006,12.847785197251543,1.6031374399101206,4.544356192026653,8.548861796152197
Microsoft,14.008508318047936,41.24500627525269,12.493303678165155,5.94529240497429,15.212068661081378
Tesla,36.729142091753275,123.5327643902679,29.52807633839812,13.157246039975252,54.69398592550766
